suite,n_updates
c5_robotaxi,16
c5_robotaxi,13
c5_robotaxi,14
c5_robotaxi,13
c5_robotaxi,10
c5_robotaxi,10
c5_robotaxi,11
c5_robotaxi,15
c5_robotaxi,16
c5_robotaxi,13
c5_robotaxi,16
c5_robotaxi,9
c5_robotaxi,16
c5_robotaxi,12
c5_robotaxi,18
c5_robotaxi,13
c5_robotaxi,7
c5_robotaxi,16
c5_robotaxi,13
c5_robotaxi,16
c5_robotaxi,15
c5_robotaxi,9
c5_robotaxi,14
c5_robotaxi,10
c5_robotaxi,13
c5_robotaxi,11
c5_robotaxi,11
c5_robotaxi,15
c5_robotaxi,19
c5_robotaxi,12
c5_robotaxi,14
c5_robotaxi,11
c5_robotaxi,14
c5_robotaxi,10
c5_robotaxi,16
c5_robotaxi,12
c5_robotaxi,13
c5_robotaxi,12
c5_robotaxi,13
c5_robotaxi,10
c5_robotaxi,14
c5_robotaxi,14
c5_robotaxi,16
c5_robotaxi,8
c5_robotaxi,19
c5_robotaxi,13
c5_robotaxi,16
c5_robotaxi,15
c5_robotaxi,15
c5_robotaxi,13
c5_robotaxi,17
c5_robotaxi,14
c5_robotaxi,17
c5_robotaxi,14
c5_robotaxi,7
c5_robotaxi,16
c5_robotaxi,15
c5_robotaxi,12
c5_robotaxi,14
c5_robotaxi,9
c5_robotaxi,15
c5_robotaxi,13
c5_robotaxi,13
c5_robotaxi,14
c5_robotaxi,9
c5_robotaxi,7
c5_robotaxi,13
c5_robotaxi,12
c5_robotaxi,13
c5_robotaxi,10
c5_robotaxi,15
c5_robotaxi,11
c5_robotaxi,15
c5_robotaxi,11
c5_robotaxi,14
c5_robotaxi,12
c5_robotaxi,9
c5_robotaxi,8
c5_robotaxi,10
c5_robotaxi,7
c5_robotaxi,17
c5_robotaxi,13
c5_robotaxi,13
c5_robotaxi,9
c5_robotaxi,12
c5_robotaxi,14
c5_robotaxi,7
c5_robotaxi,8
c5_robotaxi,9
c5_robotaxi,8
c5_robotaxi,13
c5_robotaxi,14
c5_robotaxi,5
c5_robotaxi,12
c5_robotaxi,13
c5_robotaxi,12
c5_robotaxi,13
c5_robotaxi,9
c5_robotaxi,10
c5_robotaxi,10
c5_robotaxi,10
c5_robotaxi,13
c5_robotaxi,15
c5_robotaxi,13
c5_robotaxi,11
c5_robotaxi,16
c5_robotaxi,12
c5_robotaxi,10
c5_robotaxi,13
c5_robotaxi,5
c5_robotaxi,10
c5_robotaxi,13
c5_robotaxi,14
c5_robotaxi,7
c5_robotaxi,8
c5_robotaxi,10
c5_robotaxi,11
c5_robotaxi,16
c5_robotaxi,16
c5_robotaxi,9
c5_ethereum,15
c5_ethereum,14
c5_ethereum,10
c5_ethereum,13
c5_ethereum,12
c5_ethereum,12
c5_ethereum,15
c5_ethereum,12
c5_ethereum,9
c5_ethereum,16
c5_ethereum,18
c5_ethereum,17
c5_ethereum,9
c5_ethereum,14
c5_ethereum,14
c5_ethereum,14
c5_ethereum,10
c5_ethereum,11
c5_ethereum,13
c5_ethereum,14
c5_ethereum,11
c5_ethereum,15
c5_ethereum,10
c5_ethereum,10
c5_ethereum,11
c5_ethereum,17
c5_ethereum,11
c5_ethereum,14
c5_ethereum,11
c5_ethereum,12
c5_ethereum,11
c5_ethereum,13
c5_ethereum,12
c5_ethereum,18
c5_ethereum,13
c5_ethereum,17
c5_ethereum,16
c5_ethereum,14
c5_ethereum,15
c5_ethereum,13
c5_ethereum,17
c5_ethereum,17
c5_ethereum,17
c5_ethereum,17
c5_ethereum,14
c5_ethereum,18
c5_ethereum,16
c5_ethereum,16
c5_ethereum,12
c5_ethereum,17
c5_ethereum,16
c5_ethereum,15
c5_ethereum,15
c5_ethereum,13
c5_ethereum,13
c5_ethereum,12
c5_ethereum,16
c5_ethereum,14
c5_ethereum,16
c5_ethereum,11
c5_ethereum,10
c5_ethereum,13
c5_ethereum,15
c5_ethereum,12
c5_ethereum,10
c5_ethereum,10
c5_ethereum,17
c5_ethereum,10
c5_ethereum,12
c5_ethereum,7
c5_ethereum,18
c5_ethereum,12
c5_ethereum,13
c5_ethereum,10
c5_ethereum,12
c5_ethereum,15
c5_ethereum,12
c5_ethereum,10
c5_ethereum,14
c5_ethereum,10
c5_ethereum,12
c5_ethereum,10
c5_ethereum,13
c5_ethereum,11
c5_ethereum,12
c5_ethereum,15
c5_ethereum,13
c5_ethereum,14
c5_ethereum,12
c5_ethereum,12
c5_ethereum,12
c5_ethereum,14
c5_ethereum,12
c5_ethereum,14
c5_ethereum,12
c5_ethereum,16
c5_ethereum,9
c5_ethereum,17
c5_ethereum,14
c5_ethereum,12
c5_ethereum,11
c5_ethereum,9
c5_ethereum,12
c5_ethereum,4
c5_ethereum,11
c5_ethereum,10
c5_ethereum,10
c5_ethereum,9
c5_ethereum,12
c5_ethereum,14
c5_ethereum,13
c5_ethereum,15
c5_ethereum,11
c5_ethereum,12
c5_ethereum,17
c5_ethereum,11
c5_ethereum,12
c5_ethereum,10
c5_ethereum,12
c5_ethereum,9
